url,Name,Brand,Model,Colour,Memory,Price,Availability,Website
https://shop.vodafone.co.uk/shop/pay-as-you-go/vodafone-smart-e8-payg/sku95327,Vodafone Smart E8,Vodafone,,Slate Blue,,49.00,In Stock,Vodafone
https://shop.vodafone.co.uk/shop/pay-as-you-go/nokia-3310-payg/sku96914,Nokia 3310,Nokia,,Dark Blue,,39.00,In Stock,Vodafone
https://shop.vodafone.co.uk/shop/pay-as-you-go/samsung-galaxy-j3-2017-payg/sku94864,Samsung Galaxy J3 (2017),Samsung,,Black,,165.00,Back Order,Vodafone
https://shop.vodafone.co.uk/shop/pay-as-you-go/nokia-150-payg/sku94597,Nokia 150,Nokia,,Black,,15.00,In Stock,Vodafone
https://shop.vodafone.co.uk/shop/pay-as-you-go/vodafone-smart-n8-payg/sku95249,Vodafone Smart N8,Vodafone,,Graphite,,79.00,In Stock,Vodafone
https://shop.vodafone.co.uk/shop/pay-as-you-go/doro-6520-payg/sku92551,Doro 6520,Doro,,Black,,45.00,In Stock,Vodafone
https://shop.vodafone.co.uk/shop/pay-as-you-go/sony-xperia-l1-payg/sku93576,Sony Xperia L1,Sony,,Black,,149.00,In Stock,Vodafone
https://shop.vodafone.co.uk/shop/pay-as-you-go/samsung-galaxy-j3-2016-payg/sku90342,Samsung Galaxy J3 (2016),Samsung,,Black,16GB,109.00,In Stock,Vodafone
https://shop.vodafone.co.uk/shop/pay-as-you-go/sony-xperia-xa-1-payg/sku96135,Sony Xperia XA 1,Sony,,Black,,225.00,In Stock,Vodafone
https://shop.vodafone.co.uk/shop/pay-as-you-go/vodafone-smart-first-7-PAYG/sku97788,Vodafone Smart first 7,Vodafone,,Volcano Black,,19.00,In Stock,Vodafone
https://shop.vodafone.co.uk/shop/pay-as-you-go/sony-xperia-e5-payg/sku91442,Sony Xperia E5,Sony,,Black,,89.00,In Stock,Vodafone
https://shop.vodafone.co.uk/shop/pay-as-you-go/lg-k8/sku91707,LG K8,LG,,Indigo Blue,,65.00,Out Of Stock,Vodafone
https://shop.vodafone.co.uk/shop/pay-as-you-go/nokia-3-payg/sku97224,Nokia 3,Nokia,,White,,115.00,In Stock,Vodafone
https://shop.vodafone.co.uk/shop/pay-as-you-go/lg-k4-2017-payg/sku94494,LG K4 (2017),LG,,Black,,69.00,In Stock,Vodafone
https://shop.vodafone.co.uk/shop/pay-as-you-go/apple-iphone-se-32gb-payg/sku91397,Apple iPhone SE 32GB,Apple,,Rose Gold,32GB,289.00,Back Order,Vodafone
https://shop.vodafone.co.uk/shop/pay-as-you-go/vodafone-smart-mini-7-payg/sku90581,Vodafone Smart mini 7,Vodafone,,Black,,29.00,In Stock,Vodafone
https://shop.vodafone.co.uk/shop/pay-as-you-go/doro-5030-payg/sku94220,Doro 5030,Doro,,White,,17.50,In Stock,Vodafone
https://shop.vodafone.co.uk/shop/pay-as-you-go/vodafone-smart-turbo-7-payg/sku90672,Vodafone Smart turbo 7,Vodafone,,Aluminium Silver,,49.00,In Stock,Vodafone
https://shop.vodafone.co.uk/shop/pay-as-you-go/huawei-p8-lite-2017-payg/sku93495,Huawei P8 lite 2017,Huawei,,Black,,199.00,In Stock,Vodafone
https://shop.vodafone.co.uk/shop/pay-as-you-go/mobiwire-kwanita-payg/sku94520,MobiWire Kwanita,MobiWire,,Black,,35.00,In Stock,Vodafone
https://shop.vodafone.co.uk/shop/pay-as-you-go/alcatel-1054-payg/sku91468,Alcatel 10.54,Alcatel,,Black,,10.00,In Stock,Vodafone
https://shop.vodafone.co.uk/shop/pay-as-you-go/huawei-p10-lite-payg/sku95210,Huawei P10 Lite,Huawei,P10 Lite,Black,32GB,299.00,In Stock,Vodafone
https://shop.vodafone.co.uk/shop/pay-as-you-go/samsung-galaxy-j5-2017-payg/sku94851,Samsung Galaxy J5 (2017),Samsung,,Black,,225.00,In Stock,Vodafone
https://shop.vodafone.co.uk/shop/pay-as-you-go/alcatel-a5-led-payg/sku95578,Alcatel A5 LED,Alcatel,,Black,,135.00,In Stock,Vodafone
https://shop.vodafone.co.uk/shop/pay-as-you-go/motorola-moto-e4-plus-payg/sku95691,Motorola Moto E4 Plus,Motorola,,Grey,,129.00,Back Order,Vodafone
https://shop.vodafone.co.uk/shop/pay-as-you-go/vodafone-smart-v8-payg/sku95301,Vodafone Smart V8,Vodafone,,Cool Metal,,165.00,In Stock,Vodafone
https://shop.vodafone.co.uk/shop/pay-as-you-go/alcatel-2051-payg/sku93589,Alcatel 20.51,Alcatel,,Silver,,25.00,In Stock,Vodafone
https://shop.vodafone.co.uk/shop/pay-as-you-go/mobiwire-ayasha-payg/sku94207,MobiWire Ayasha,MobiWire,,Black,,5.00,In Stock,Vodafone
https://shop.vodafone.co.uk/shop/pay-as-you-go/samsung-galaxy-a3-2017-payg/sku94572,Samsung Galaxy A3,Samsung,,Black,,295.00,In Stock,Vodafone
https://shop.vodafone.co.uk/shop/pay-as-you-go/zte-blade-A512-payg/sku95591,ZTE Blade A512,ZTE,,Black,,79.00,In Stock,Vodafone
https://shop.vodafone.co.uk/shop/pay-as-you-go/samsung-galaxy-a5-2017-payg/sku95565,Samsung Galaxy A5,Samsung,,Blue,,350.00,In Stock,Vodafone
https://shop.vodafone.co.uk/shop/pay-as-you-go/apple-iphone-6s-32gb-payg/sku93423,Apple iPhone 6s 32GB,Apple,,Rose Gold,32GB,479.00,In Stock,Vodafone
https://shop.vodafone.co.uk/shop/pay-as-you-go/sony-xperia-xz1-payg/sku96183,Sony Xperia XZ1,Sony,,Blue,64GB,520.00,Back Order,Vodafone
https://shop.vodafone.co.uk/shop/pay-as-you-go/sony-xperia-xz1-compact-payg/sku96207,Sony Xperia XZ1 Compact,Sony,,Black,32GB,450.00,Back Order,Vodafone
https://shop.vodafone.co.uk/shop/pay-as-you-go/sony-xperia-x-compact-payg/sku90120,Sony Xperia X Compact,Sony,,Black,,400.00,Back Order,Vodafone
https://shop.vodafone.co.uk/shop/pay-as-you-go/sony-xperia-xz-premium-payg/sku96159,Sony Xperia XZ Premium,Sony,XZ Premium,Black,64GB,599.00,In Stock,Vodafone
https://shop.vodafone.co.uk/shop/pay-as-you-go/sony-xperia-xz-payg/sku89403,Sony Xperia XZ,Sony,,Blue,32GB,500.00,In Stock,Vodafone
https://shop.vodafone.co.uk/shop/pay-as-you-go/samsung-galaxy-s7-32gb-payg/sku90279,Samsung Galaxy S7 32GB,Samsung,Galaxy S7,Black,32GB,500.00,In Stock,Vodafone
https://shop.vodafone.co.uk/shop/pay-as-you-go/apple-iphone-7-32gb-payg/sku88417,Apple iPhone 7 32GB,Apple,,Black,32GB,569.00,In Stock,Vodafone
https://shop.vodafone.co.uk/shop/pay-as-you-go/samsung-galaxy-s7-edge-32gb-payg/sku90777,Samsung Galaxy S7 edge 32GB,Samsung,Galaxy S7 edge,Gold,32GB,585.00,In Stock,Vodafone
https://shop.vodafone.co.uk/shop/pay-as-you-go/apple-iphone-7-plus-32gb-payg/sku91250,Apple iPhone 7 Plus 32GB,Apple,iPhone 7 Plus,Black,32GB,689.00,In Stock,Vodafone
https://shop.vodafone.co.uk/shop/pay-as-you-go/huawei-p10-payg/sku95134,Huawei P10,Huawei,P10,Black,64GB,549.00,In Stock,Vodafone
https://shop.vodafone.co.uk/shop/pay-as-you-go/huawei-p10-plus-payg/sku95108,Huawei P10 Plus,Huawei,P10 Plus,Black,128GB,649.00,In Stock,Vodafone
https://www.johnlewis.com/browse/electricals/mobile-phones-accessories/view-all-mobile-phones/_/N-a8v,"Apple iPhone 8, iOS 11, 4.7"", 4G LTE, SIM Free, 64GB,",Apple,,Space Grey,64GB,699.00,In Stock,John Lewis
https://www.johnlewis.com/browse/electricals/mobile-phones-accessories/view-all-mobile-phones/_/N-a8v,"Apple iPhone 8, iOS 11, 4.7"", 4G LTE, SIM Free, 256GB,",Apple,,Gold,256GB,849.00,In Stock,John Lewis
https://www.johnlewis.com/browse/electricals/mobile-phones-accessories/view-all-mobile-phones/_/N-a8v,"Apple iPhone 8 Plus, iOS 11, 5.5"", 4G LTE, SIM Free, 64GB,",Apple,,Space Grey,64GB,799.00,In Stock,John Lewis
https://www.johnlewis.com/browse/electricals/mobile-phones-accessories/view-all-mobile-phones/_/N-a8v,"Apple iPhone 8 Plus, iOS 11, 5.5"", 4G LTE, SIM Free, 256GB,",Apple,,Gold,256GB,949.00,In Stock,John Lewis
https://www.johnlewis.com/browse/electricals/mobile-phones-accessories/view-all-mobile-phones/_/N-a8v,"Apple iPhone X, iOS 11, 5.8"", 4G LTE, SIM Free, 64GB,",Apple,,Space Grey,64GB,999.00,Out of stock,John Lewis
https://www.johnlewis.com/browse/electricals/mobile-phones-accessories/view-all-mobile-phones/_/N-a8v,"Apple iPhone X, iOS 11, 5.8"", 4G LTE, SIM Free, 256GB,",Apple,,Space Grey,256GB,"1,149.00",Out of stock,John Lewis
https://www.johnlewis.com/browse/electricals/mobile-phones-accessories/view-all-mobile-phones/_/N-a8v,"Samsung Galaxy Note8 Smartphone, Android, 6.3"", 4G LTE, SIM Free, 64GB,",Samsung,,Black,64GB,869.00,In Stock,John Lewis
https://www.johnlewis.com/browse/electricals/mobile-phones-accessories/view-all-mobile-phones/_/N-a8v,"Apple iPhone 6s, iOS, 4.7"", 4G LTE, SIM Free, 128GB,",Apple,,Gold,128GB,549.00,Out of stock,John Lewis
https://www.johnlewis.com/browse/electricals/mobile-phones-accessories/view-all-mobile-phones/_/N-a8v,"Apple iPhone 6s Plus, iOS, 5.5"", 4G LTE, SIM Free, 32GB,",Apple,,Silver,32GB,549.00,In Stock,John Lewis
https://www.johnlewis.com/browse/electricals/mobile-phones-accessories/view-all-mobile-phones/_/N-a8v,"Apple iPhone 7, iOS 10, 4.7"", 4G LTE, SIM Free, 32GB,",Apple,,Gold,32GB,549.00,In Stock,John Lewis
https://www.johnlewis.com/browse/electricals/mobile-phones-accessories/view-all-mobile-phones/_/N-a8v,"Apple iPhone SE, iOS, 4"", 4G LTE, SIM Free, 128GB,",Apple,,Space Grey,128GB,399.00,In Stock,John Lewis
https://www.johnlewis.com/browse/electricals/mobile-phones-accessories/view-all-mobile-phones/_/N-a8v,"Apple iPhone 7 Plus, iOS 10, 5.5"", 4G LTE, SIM Free, 32GB,",Apple,iPhone 7 Plus,Silver,32GB,669.00,In Stock,John Lewis
https://www.johnlewis.com/browse/electricals/mobile-phones-accessories/view-all-mobile-phones/_/N-a8v,"Moto G5S Smartphone, Android, 5.2"", 4G LTE, Exclusive Dual SIM, SIM Free, 32GB,",Moto,,Lunar Grey,32GB,229.00,In Stock,John Lewis
https://www.johnlewis.com/browse/electricals/mobile-phones-accessories/view-all-mobile-phones/_/N-a8v,"Samsung Galaxy S8 Plus Smartphone, Android, 6.2"", 4G LTE, SIM Free, 64GB,",Samsung,,Black,64GB,779.00,In Stock,John Lewis
https://www.johnlewis.com/browse/electricals/mobile-phones-accessories/view-all-mobile-phones/_/N-a8v,"Samsung Galaxy S8 Smartphone, Android, 5.8"", 4G LTE, SIM Free, 64GB,",Samsung,,Black,64GB,669.00,In Stock,John Lewis
https://www.johnlewis.com/browse/electricals/mobile-phones-accessories/view-all-mobile-phones/_/N-a8v,"Apple iPhone SE, iOS 10, 4"", 4G LTE, SIM Free, 32GB,",Apple,,Space Grey,32GB,299.00,In Stock,John Lewis
https://www.johnlewis.com/browse/electricals/mobile-phones-accessories/view-all-mobile-phones/_/N-a8v,"Moto G5 Smartphone, Android, 5"", 4G LTE, SIM Free, 16GB,",Moto,,Gold,16GB,169.95,In Stock,John Lewis
https://www.johnlewis.com/browse/electricals/mobile-phones-accessories/view-all-mobile-phones/_/N-a8v,"Apple iPhone 6s, iOS, 4.7"", 4G LTE, SIM Free, 32GB,",Apple,,Space Grey,32GB,449.00,In Stock,John Lewis
https://www.johnlewis.com/browse/electricals/mobile-phones-accessories/view-all-mobile-phones/_/N-a8v,"Moto G4 Smartphone, Android, 5.5"", 4G LTE, SIM Free, 16GB, Black,",Moto,,Black,16GB,149.95,In Stock,John Lewis
https://www.johnlewis.com/browse/electricals/mobile-phones-accessories/view-all-mobile-phones/_/N-a8v,"Apple iPhone 7, iOS 10, 4.7"", 4G LTE, SIM Free, 128GB,",Apple,,Silver,128GB,649.00,In Stock,John Lewis
https://www.johnlewis.com/browse/electricals/mobile-phones-accessories/view-all-mobile-phones/_/N-a8v,"Samsung Galaxy J3 Smartphone, Android, 5"", 4G LTE, SIM Free, 8GB,",Samsung,,Black,8GB,149.99,In Stock,John Lewis
https://www.johnlewis.com/browse/electricals/mobile-phones-accessories/view-all-mobile-phones/_/N-a8v,"Samsung Galaxy A5 Smartphone (2017), Android, 5.2"", 4G LTE, SIM Free, 32GB,",Samsung,,Blue Mist,32GB,349.95,In Stock,John Lewis
https://www.johnlewis.com/browse/electricals/mobile-phones-accessories/view-all-mobile-phones/_/N-a8v,"Samsung Galaxy A3 Smartphone (2017), Android, 4.7"", 4G LTE, SIM Free, 16GB,",Samsung,,Golden Sand,16GB,259.95,In Stock,John Lewis
https://www.johnlewis.com/browse/electricals/mobile-phones-accessories/view-all-mobile-phones/_/N-a8v,"Samsung Galaxy J5 Smartphone (2017), Android, 5.2"", 4G LTE, SIM Free, 16GB,",Samsung,,Gold,16GB,239.00,In Stock,John Lewis
https://www.johnlewis.com/browse/electricals/mobile-phones-accessories/view-all-mobile-phones/_/N-a8v,"Moto G5S Plus Smartphone, Android, 5.5"", 4G LTE, SIM Free, 32GB with Headphones, Lunar Grey",Moto,,,32GB,259.99,In Stock,John Lewis
https://www.johnlewis.com/browse/electricals/mobile-phones-accessories/view-all-mobile-phones/_/N-a8v,"Apple iPhone 7 Plus, iOS 10, 5.5"", 4G LTE, SIM Free, 128GB,",Apple,iPhone 7 Plus,Black,128GB,769.00,In Stock,John Lewis
https://www.johnlewis.com/browse/electricals/mobile-phones-accessories/view-all-mobile-phones/_/N-a8v,"Moto G4 Smartphone, Android, 5.5"", 4G LTE, SIM Free, Dual SIM Model, 16GB, White",Moto,,,16GB,149.95,In Stock,John Lewis
https://www.johnlewis.com/browse/electricals/mobile-phones-accessories/view-all-mobile-phones/_/N-a8v,"Doro 8030 Smartphone with Charging Cradle, Android, 4.5"", 4G LTE, 8GB, SIM Free, Black",Doro,,,8GB,119.00,In Stock,John Lewis
https://www.johnlewis.com/browse/electricals/mobile-phones-accessories/view-all-mobile-phones/_/N-a8v,"Moto E4 Plus Smartphone, Android, 5.5"", 4G LTE, SIM Free, 16GB,",Moto,,Grey,16GB,149.00,In Stock,John Lewis
https://www.johnlewis.com/browse/electricals/mobile-phones-accessories/view-all-mobile-phones/_/N-a8v,"Apple iPhone 7, iOS 10, 4.7"", 4G LTE, SIM Free, 256GB,",Apple,,Rose Gold,256GB,699.00,In Stock,John Lewis
https://www.johnlewis.com/browse/electricals/mobile-phones-accessories/view-all-mobile-phones/_/N-a8v,"Samsung Galaxy S7 Edge Smartphone, Android, 5.5"", 4G LTE, SIM Free, 32GB,",Samsung,Galaxy S7 edge,Black,32GB,499.95,Out of stock,John Lewis
https://www.johnlewis.com/browse/electricals/mobile-phones-accessories/view-all-mobile-phones/_/N-a8v,"Moto C Smartphone, Android, 5"", 4G LTE, SIM Free, 16GB, Starry Black",Moto,,,16GB,89.95,In Stock,John Lewis
https://www.johnlewis.com/browse/electricals/mobile-phones-accessories/view-all-mobile-phones/_/N-a8v,"Apple iPhone 6s Plus, iOS, 5.5"", 4G LTE, SIM Free, 128GB,",Apple,,Space Grey,128GB,649.00,In Stock,John Lewis
https://www.johnlewis.com/browse/electricals/mobile-phones-accessories/view-all-mobile-phones/_/N-a8v,"Apple iPhone 7 Plus, iOS 10, 5.5"", 4G LTE, SIM Free, 128GB, (PRODUCT)RED",Apple,iPhone 7 Plus,Red,128GB,769.00,In Stock,John Lewis
https://www.johnlewis.com/browse/electricals/mobile-phones-accessories/view-all-mobile-phones/_/N-a8v,"Nokia 3 Smartphone, Android, 5"", 4G LTE, SIM Free, 16GB,",Nokia,,Black,16GB,129.00,In Stock,John Lewis
https://www.johnlewis.com/browse/electricals/mobile-phones-accessories/view-all-mobile-phones/_/N-a8v,"STK R45i Mobile Phone, 1.77"", SIM Free, 32MB, Black",STK,,,32MB,12.99,In Stock,John Lewis
https://www.johnlewis.com/browse/electricals/mobile-phones-accessories/view-all-mobile-phones/_/N-a8v,"Apple iPhone 7 Plus, iOS 10, 5.5"", 4G LTE, SIM Free, 256GB,",Apple,iPhone 7 Plus,Jet Black,256GB,819.00,In Stock,John Lewis
https://www.johnlewis.com/browse/electricals/mobile-phones-accessories/view-all-mobile-phones/_/N-a8v,"LG G6 Astro Smartphone, Android, 5.7"", 4G LTE, SIM Free, 32GB,",LG,,Black,32GB,439.95,In Stock,John Lewis
https://www.johnlewis.com/browse/electricals/mobile-phones-accessories/view-all-mobile-phones/_/N-a8v,"Moto E4 Smartphone, Android, 5"", 4G LTE, SIM Free, 16GB, Grey",Moto,,,16GB,129.95,In Stock,John Lewis
https://www.johnlewis.com/browse/electricals/mobile-phones-accessories/view-all-mobile-phones/_/N-a8v,"Nokia 5 Smartphone, Android, 5.2"", 4G LTE, SIM Free, 16GB,",Nokia,,Black,16GB,169.99,In Stock,John Lewis
https://www.johnlewis.com/browse/electricals/mobile-phones-accessories/view-all-mobile-phones/_/N-a8v,"Samsung Galaxy S7 Smartphone, Android, 5.1"", 4G LTE, SIM Free, 32GB,",Samsung,Galaxy S7,Gold,32GB,499.95,In Stock,John Lewis
https://www.johnlewis.com/browse/electricals/mobile-phones-accessories/view-all-mobile-phones/_/N-a8v,"Sony Xperia XA1 Smartphone, Android, 5"", 4G LTE, SIM Free, 32GB,",Sony,,White,32GB,229.00,In Stock,John Lewis
https://www.johnlewis.com/browse/electricals/mobile-phones-accessories/view-all-mobile-phones/_/N-a8v,"Vodafone Smart Turbo 7 Smartphone, Android, 5"", Pay As You Go (£10 Top Up Included), 8GB,",Vodafone,,Charcoal,8GB,65.95,Out of stock,John Lewis
https://www.johnlewis.com/browse/electricals/mobile-phones-accessories/view-all-mobile-phones/_/N-a8v,"BlackBerry KEYone Smartphone, Android, 4.5"", SIM Free, 32GB, Silver",BlackBerry,,,32GB,499.00,In Stock,John Lewis
https://www.johnlewis.com/browse/electricals/mobile-phones-accessories/view-all-mobile-phones/_/N-a8v,"Nokia 8 Smartphone, Android, 5.3”, 4G LTE, SIM Free, 64GB,",Nokia,,Steel,64GB,499.95,In Stock,John Lewis
https://www.johnlewis.com/browse/electricals/mobile-phones-accessories/view-all-mobile-phones/_/N-a8v,"LG K4 Smartphone, Android, 5"", 4G LTE, SIM Free, 8GB",LG,,,8GB,99.95,In Stock,John Lewis
https://www.johnlewis.com/browse/electricals/mobile-phones-accessories/view-all-mobile-phones/_/N-a8v,"Vodafone Smart Mini 7 Smartphone, Android, 4"", Pay As You Go (£10 Top Up Included), 4GB,",Vodafone,,Black,,45.95,In Stock,John Lewis
https://www.johnlewis.com/browse/electricals/mobile-phones-accessories/view-all-mobile-phones/_/N-a8v,"Apple iPhone 7 Plus, iOS 10, 5.5"", 4G LTE, SIM Free, 256GB, (PRODUCT)RED",Apple,iPhone 7 Plus,Red,256GB,819.00,In Stock,John Lewis
https://www.johnlewis.com/browse/electricals/mobile-phones-accessories/view-all-mobile-phones/_/N-a8v,"LG Q6 Astro Smartphone, Android, 5.5"", 4G LTE, SIM Free, 32GB, Black",LG,,,32GB,249.95,In Stock,John Lewis
https://www.johnlewis.com/browse/electricals/mobile-phones-accessories/view-all-mobile-phones/_/N-a8v,"Doro Liberto 825 Smartphone, Android, 5"", 4G LTE, SIM Free, 8GB, Black",Doro,,,8GB,209.00,In Stock,John Lewis
https://www.johnlewis.com/browse/electricals/mobile-phones-accessories/view-all-mobile-phones/_/N-a8v,"LG K10 Smartphone, Android, 5.3"", 4G LTE, SIM Free, 16GB",LG,,,16GB,169.95,In Stock,John Lewis
https://www.johnlewis.com/browse/electricals/mobile-phones-accessories/view-all-mobile-phones/_/N-a8v,"Sony Xperia XZ Premium Smartphone, Android, 5.5"", 4G LTE, SIM Free, 64GB, Black",Sony,XZ Premium,Black,64GB,649.00,In Stock,John Lewis
https://www.johnlewis.com/browse/electricals/mobile-phones-accessories/view-all-mobile-phones/_/N-a8v,"STK Life 8 Smartphone, Android, 5"", 4G LTE, SIM Free, 8GB, Black",STK,,,8GB,99.99,In Stock,John Lewis
https://www.johnlewis.com/browse/electricals/mobile-phones-accessories/view-all-mobile-phones/_/N-a8v,"Sony Xperia XZ Smartphone, Android, 5.2"", 4G LTE, SIM Free, 32GB,",Sony,,Forest Blue,32GB,449.95,In Stock,John Lewis
https://www.johnlewis.com/browse/electricals/mobile-phones-accessories/view-all-mobile-phones/_/N-a8v,"Moto Z2 Play Smartphone, Android, 5.5"", 4G LTE, SIM Free, 64GB, Lunar Grey",Moto,,,64GB,399.95,In Stock,John Lewis
https://www.johnlewis.com/browse/electricals/mobile-phones-accessories/view-all-mobile-phones/_/N-a8v,"Vodafone Smart First 7 Smartphone, Android, 3.5"", Pay As You Go (£10 Top Up Included), 4GB,",Vodafone,,Black,,30.95,Out of stock,John Lewis
https://www.johnlewis.com/browse/electricals/mobile-phones-accessories/view-all-mobile-phones/_/N-a8v,"Vodafone Doro 6520 Smartphone, Android, 2.8"", Pay As You Go (£10 Top Up Included), 75MB",Vodafone,,,75MB,80.00,In Stock,John Lewis
https://www.johnlewis.com/browse/electricals/mobile-phones-accessories/view-all-mobile-phones/_/N-a8v,"Vodafone Smart Prime 7 Smartphone, Android, 5"", Pay As You Go (£10 Top Up Included), 6GB, Black",Vodafone,,,,90.95,In Stock,John Lewis
https://www.johnlewis.com/browse/electricals/mobile-phones-accessories/view-all-mobile-phones/_/N-a8v,"Vodafone Sony E5 Smartphone, Android, 5"", Pay As You Go (£10 Top Up Included), 16GB, Black",Vodafone,,,16GB,140.00,In Stock,John Lewis
https://www.johnlewis.com/browse/electricals/mobile-phones-accessories/view-all-mobile-phones/_/N-a8v,"Vodafone Smart Platinum 7 Smartphone, Android, 5.5"", Pay As You Go (£10 Top Up Included), 32GB, Black",Vodafone,,,32GB,305.95,In Stock,John Lewis
https://www.johnlewis.com/browse/electricals/mobile-phones-accessories/view-all-mobile-phones/_/N-a8v,"STK Hero X Smartphone, Android, 5"", 4G LTE, SIM Free, 16GB, White",STK,,,16GB,149.00,In Stock,John Lewis
https://www.johnlewis.com/browse/electricals/mobile-phones-accessories/view-all-mobile-phones/_/N-a8v,"Apple iPhone 6s Plus, iOS, 5.5"", 4G LTE, SIM Free, 16GB,",Apple,,Silver,16GB,569.00,In Stock,John Lewis
https://www.johnlewis.com/browse/electricals/mobile-phones-accessories/view-all-mobile-phones/_/N-a8v,"Sony Xperia XZ1 Smartphone, Android, 5.2"", 4G LTE, SIM Free, 64GB,",Sony,,Black,64GB,599.00,In Stock,John Lewis
https://www.johnlewis.com/browse/electricals/mobile-phones-accessories/view-all-mobile-phones/_/N-a8v,"Apple iPhone 6, iOS, 4.7"", 4G LTE, SIM Free, 32GB, Space Grey",Apple,,,32GB,329.00,Out of stock,John Lewis
https://www.johnlewis.com/browse/electricals/mobile-phones-accessories/view-all-mobile-phones/_/N-a8v,"Apple iPhone 7, iOS 10, 4.7"", 4G LTE, SIM Free, 128GB, (PRODUCT)RED",Apple,,,128GB,649.00,Out of stock,John Lewis
https://www.johnlewis.com/browse/electricals/mobile-phones-accessories/view-all-mobile-phones/_/N-a8v,"Apple iPhone 7, iOS 10, 4.7"", 4G LTE, SIM Free, 256GB, (PRODUCT)RED",Apple,,,256GB,699.00,Out of stock,John Lewis
https://www.johnlewis.com/browse/electricals/mobile-phones-accessories/view-all-mobile-phones/_/N-a8v,"Vodafone Samsung Galaxy J3 Smartphone, Android, 5"", 4G LTE, Pay As You Go (£10 Top Up Included), 8GB, Black",Vodafone,,,,140.00,Out of stock,John Lewis
https://www.johnlewis.com/browse/electricals/mobile-phones-accessories/view-all-mobile-phones/_/N-a8v,"Vodafone Moto G4 Play Smartphone, Android, 5"", Pay As You Go (£10 Top Up Included), 16GB, Black",Vodafone,,,16GB,130.00,Out of stock,John Lewis
https://www.johnlewis.com/browse/electricals/mobile-phones-accessories/view-all-mobile-phones/_/N-a8v,"Vodafone Smart Ultra 7 Smartphone, Android, 5.5"", Pay As You Go (£10 Top Up Included), 16GB, Dark Grey",Vodafone,,,16GB,145.95,Out of stock,John Lewis
https://www.johnlewis.com/browse/electricals/mobile-phones-accessories/view-all-mobile-phones/_/N-a8v,"Moto Z2 Play Smartphone, Android, 5.5"", 4G LTE, SIM Free, 64GB, Gold",Moto,,,64GB,399.95,Out of stock,John Lewis
https://www.johnlewis.com/browse/electricals/mobile-phones-accessories/view-all-mobile-phones/_/N-a8v,"Vodafone Smart Ultra 7 Smartphone, Android, 5.5"", Pay As You Go (£10 Top Up Included), 16GB, Silver",Vodafone,,,16GB,145.95,Out of stock,John Lewis
https://www.carphonewarehouse.com/google/pixel-2.html#!colour=blue&capacity=64GB&dealType=sf,Google Pixel 2,Google,Pixel 2,Black,,629.00,Order now!,Carphone Warehouse
https://www.carphonewarehouse.com/google/pixel-2-xl.html#!colour=black&capacity=64GB&dealType=sf,Google Pixel 2 XL,Google,Pixel 2 XL,Black,,799.00,Order now!,Carphone Warehouse
https://www.carphonewarehouse.com/google/pixel-xl.html#!colour=black&capacity=32GB&dealType=sf,Pixel XL Phone by Google,Pixel,XL Phone by Google,Black,,399.99,In Stock,Carphone Warehouse
https://www.carphonewarehouse.com/apple/iphone-8.html#!colour=silver&capacity=64GB&dealType=sf,Apple iPhone 8,Apple,iPhone 8,Gold,,699.00,In Stock,Carphone Warehouse
https://www.carphonewarehouse.com/apple/iphone-8-plus.html#!colour=spacegrey&capacity=64GB&dealType=sf,Apple iPhone 8 Plus,Apple,iPhone 8 Plus,Space Grey,,799.00,In Stock,Carphone Warehouse
https://www.carphonewarehouse.com/huawei/p10-lite.html#!colour=black&capacity=32GB&dealType=sf,Huawei P10 Lite,Huawei,P10 Lite,Black,32GB,279.99,In Stock,Carphone Warehouse
https://www.carphonewarehouse.com/huawei/p8-lite-2017.html#!colour=gold&capacity=16GB&dealType=sf,Huawei P8 lite 2017,Huawei,P8 lite 2017,Blue,,149.99,In Stock,Carphone Warehouse
https://www.carphonewarehouse.com/nokia/3310.html#!colour=blue&capacity=NANA&dealType=sf,Nokia 3310,Nokia,3310,Yellow,,49.99,In Stock,Carphone Warehouse
https://www.carphonewarehouse.com/lg/v30.html#!colour=silver&capacity=64GB&dealType=sf,LG V30,LG,V30,Silver,,799.99,Order now!,Carphone Warehouse
https://www.carphonewarehouse.com/nokia/8.html#!colour=blue&capacity=64GB&dealType=sf,Nokia 8,Nokia,8,Silver,,499.99,In Stock,Carphone Warehouse
https://www.carphonewarehouse.com/samsung/galaxy-note-8.html#!colour=gold&capacity=64GB&dealType=sf,Samsung Galaxy Note 8,Samsung,Galaxy Note 8,Black,,869.00,In Stock,Carphone Warehouse
https://www.carphonewarehouse.com/apple/iphone-6.html#!colour=spacegrey&capacity=32GB&dealType=sf,Apple iPhone 6,Apple,iPhone 6,Space Grey,,329.00,In Stock,Carphone Warehouse
https://www.carphonewarehouse.com/samsung/galaxy-s7-edge.html#!colour=pinkgold&capacity=32GB&dealType=sf,Samsung Galaxy S7 edge,Samsung,Galaxy S7 edge,Blue,64GB,499.99,In Stock,Carphone Warehouse
https://www.carphonewarehouse.com/htc/u-11.html#!colour=black&capacity=64GB&dealType=sf,HTC U11,HTC,U11,Silver,,499.99,In Stock,Carphone Warehouse
https://www.carphonewarehouse.com/huawei/p10-plus.html#!colour=black&capacity=128GB&dealType=sf,Huawei P10 Plus,Huawei,P10 Plus,Blue,128GB,499.99,In Stock,Carphone Warehouse
https://www.carphonewarehouse.com/blackberry/keyone.html#!colour=silver&capacity=32GB&dealType=sf,BlackBerry KEYone,BlackBerry,KEYone,Black,,499.00,In Stock,Carphone Warehouse
https://www.carphonewarehouse.com/lg/g6.html#!colour=silver&capacity=32GB&dealType=sf,LG G6,LG,G6,White,,499.99,In Stock,Carphone Warehouse
https://www.carphonewarehouse.com/apple/iphone-se.html#!colour=spacegrey&capacity=32GB&dealType=sf,Apple iPhone SE,Apple,iPhone SE,Space Grey,,299.00,In Stock,Carphone Warehouse
https://www.carphonewarehouse.com/motorola/moto-g5-plus.html#!colour=gold&capacity=32GB&dealType=sf,Moto G5 Plus,Moto,G5 Plus,Grey,,269.99,In Stock,Carphone Warehouse
https://www.carphonewarehouse.com/motorola/moto-g5.html#!colour=grey&capacity=16GB&dealType=sf,Moto G5,Moto,G5,Gold,,169.99,In Stock,Carphone Warehouse
https://www.carphonewarehouse.com/sony/xperia-xa1.html#!colour=white&capacity=32GB&dealType=sf,Sony Xperia XA1,Sony,Xperia XA1,Pink,,229.99,In Stock,Carphone Warehouse
https://www.carphonewarehouse.com/apple/iphone-6-refurbished.html#!colour=grey&capacity=16GB&dealType=sf,Apple iPhone 6 refurbished,Apple,iPhone 6 refurbished,Gold,,279.00,Out of stock online,Carphone Warehouse
https://www.carphonewarehouse.com/nokia/6.html#!colour=blue&capacity=32GB&dealType=sf,Nokia 6,Nokia,6,Silver,,199.99,Out of stock online,Carphone Warehouse
https://www.carphonewarehouse.com/nokia/216.html#!colour=black&capacity=NANA&dealType=sf,Nokia 216,Nokia,216,Black,,29.99,In Stock,Carphone Warehouse
https://www.carphonewarehouse.com/samsung/galaxy-a5-2017.html#!colour=peachcloud&capacity=32GB&dealType=sf,Samsung Galaxy A5 2017,Samsung,Galaxy A5 2017,Peach Cloud,,299.99,In Stock,Carphone Warehouse
https://www.carphonewarehouse.com/wileyfox/spark-plus.html#!colour=black&capacity=16GB&dealType=sf,Wileyfox Spark Plus,Wileyfox,Spark Plus,Black,,99.99,In Stock,Carphone Warehouse
https://www.carphonewarehouse.com/alcatel/a5-led.html#!colour=black&capacity=16GB&dealType=sf,Alcatel A5 LED,Alcatel,A5 LED,Black,,169.99,In Stock,Carphone Warehouse
https://www.carphonewarehouse.com/apple/iphone-7.html#!colour=black&capacity=32GB&dealType=sf,Apple iPhone 7,Apple,iPhone 7,Jet Black,,549.00,In Stock,Carphone Warehouse
https://www.carphonewarehouse.com/samsung/galaxy-s8.html#!colour=blue&capacity=64GB&dealType=sf,Samsung Galaxy S8,Samsung,Galaxy S8,Blue,,669.00,In Stock,Carphone Warehouse
https://www.carphonewarehouse.com/blackberry/dtek-60.html#!colour=black&capacity=32GB&dealType=sf,BlackBerry DTEK 60,BlackBerry,DTEK 60,Black,,350.00,In Stock,Carphone Warehouse
https://www.carphonewarehouse.com/samsung/galaxy-s8-plus.html#!colour=orchidgrey&capacity=64GB&dealType=sf,Samsung Galaxy S8 Plus,Samsung,Galaxy S8 Plus,Blue,,779.00,In Stock,Carphone Warehouse
https://www.carphonewarehouse.com/blackberry/dtek-50.html#!colour=grey&capacity=16GB&dealType=sf,BlackBerry DTEK 50,BlackBerry,DTEK 50,Grey,,189.99,In Stock,Carphone Warehouse
https://www.carphonewarehouse.com/huawei/y6-2017.html#!colour=gold&capacity=16GB&dealType=sf,Huawei Y6 2017,Huawei,Y6 2017,Gold,,129.99,In Stock,Carphone Warehouse
https://www.carphonewarehouse.com/htc/u-play.html#!colour=black&capacity=32GB&dealType=sf,HTC U Play,HTC,U Play,Black,,299.99,In Stock,Carphone Warehouse
https://www.carphonewarehouse.com/honor/6x.html#!colour=grey&capacity=32GB&dealType=sf,Honor 6X,Honor,6X,Grey,,224.99,In Stock,Carphone Warehouse
https://www.carphonewarehouse.com/huawei/p10.html#!colour=gold&capacity=64GB&dealType=sf,Huawei P10,Huawei,P10,Blue,64GB,399.99,In Stock,Carphone Warehouse
https://www.carphonewarehouse.com/alcatel/go-play.html#!colour=blue&capacity=8GB&dealType=sf,Alcatel Go Play,Alcatel,Go Play,Blue,,134.99,In Stock,Carphone Warehouse
https://www.carphonewarehouse.com/alcatel/onetouch-20-12g.html#!colour=white&capacity=NANA&dealType=sf,Alcatel 20.12G,Alcatel,20.12G,White,,39.99,In Stock,Carphone Warehouse
https://www.carphonewarehouse.com/alcatel/2045.html#!colour=black&capacity=NANA&dealType=sf,Alcatel 20.45,Alcatel,20.45,Black,,49.99,In Stock,Carphone Warehouse
https://www.carphonewarehouse.com/alcatel/2051-x.html#!colour=silver&capacity=NANA&dealType=sf,Alcatel 20.51 X,Alcatel,20.51 X,Silver,,39.99,In Stock,Carphone Warehouse
https://www.carphonewarehouse.com/alcatel/a3.html#!colour=black&capacity=16GB&dealType=sf,Alcatel A3,Alcatel,A3,Black,,129.99,In Stock,Carphone Warehouse
https://www.carphonewarehouse.com/alcatel/idol-4.html#!colour=black&capacity=16GB&dealType=sf,Alcatel Idol 4,Alcatel,Idol 4,Black,,249.99,In Stock,Carphone Warehouse
https://www.carphonewarehouse.com/alcatel/onetouch-10-16g.html#!colour=black&capacity=NANA&dealType=sf,Alcatel 10.16G,Alcatel,10.16G,Black,,22.99,In Stock,Carphone Warehouse
https://www.carphonewarehouse.com/alcatel/pixi-4-4.html#!colour=black&capacity=4GB&dealType=sf,Alcatel Pixi 4 (4),Alcatel,Pixi 4 (4),Black,,69.99,In Stock,Carphone Warehouse
https://www.carphonewarehouse.com/alcatel/onetouch-pixi-3-3-5.html#!colour=black&capacity=4GB&dealType=sf,Alcatel Pixi 3 (3.5),Alcatel,Pixi 3 (3.5),Black,,49.99,In Stock,Carphone Warehouse
https://www.carphonewarehouse.com/alcatel/pixi-4.html#!colour=black&capacity=8GB&dealType=sf,Alcatel Pixi 4 (5),Alcatel,Pixi 4 (5),Black,,99.99,In Stock,Carphone Warehouse
https://www.carphonewarehouse.com/alcatel/onetouch-pop-star.html#!colour=multicoloured&capacity=8GB&dealType=sf,Alcatel Pop Star,Alcatel,Pop Star,Multicoloured,,109.99,In Stock,Carphone Warehouse
https://www.carphonewarehouse.com/alcatel/pop-4.html#!colour=black&capacity=8GB&dealType=sf,Alcatel POP 4,Alcatel,POP 4,Black,,109.99,In Stock,Carphone Warehouse
https://www.carphonewarehouse.com/alcatel/u5-4g.html#!colour=black&capacity=8GB&dealType=sf,Alcatel U5 4G,Alcatel,U5 4G,Black,,89.99,In Stock,Carphone Warehouse
https://www.carphonewarehouse.com/alcatel/shine-lite.html#!colour=black&capacity=16GB&dealType=sf,Alcatel Shine Lite,Alcatel,Shine Lite,Black,,149.99,In Stock,Carphone Warehouse
https://www.carphonewarehouse.com/apple/iphone-6s.html#!colour=silver&capacity=32GB&dealType=sf,Apple iPhone 6s,Apple,iPhone 6s,Rose Gold,,449.00,In Stock,Carphone Warehouse
https://www.carphonewarehouse.com/apple/iphone-6s-plus.html#!colour=rosegold&capacity=32GB&dealType=sf,Apple iPhone 6s Plus,Apple,iPhone 6s Plus,Silver,,599.00,In Stock,Carphone Warehouse
https://www.carphonewarehouse.com/apple/iphone-6s-refurbished.html#!colour=spacegrey&capacity=16GB&dealType=sf,Apple iPhone 6s refurbished,Apple,iPhone 6s refurbished,Rose Gold,,339.00,Out of stock online,Carphone Warehouse
https://www.carphonewarehouse.com/apple/iphone-7-plus.html#!colour=black&capacity=32GB&dealType=sf,Apple iPhone 7 Plus,Apple,iPhone 7 Plus,Black,32GB,649.00,In Stock,Carphone Warehouse
https://www.carphonewarehouse.com/archos/40-power-3g.html#!colour=black&capacity=8GB&dealType=sf,Archos 40 Power 3G,Archos,40 Power 3G,Black,,49.99,In Stock,Carphone Warehouse
https://www.carphonewarehouse.com/archos/50-saphir-4g.html#!colour=black&capacity=16GB&dealType=sf,Archos 50 Saphir 4G,Archos,50 Saphir 4G,Black,,189.99,In Stock,Carphone Warehouse
https://www.carphonewarehouse.com/archos/55b-platinium-3g.html#!colour=black&capacity=8GB&dealType=sf,Archos 55B Platinium 3G,Archos,55B Platinium 3G,Black,,79.99,In Stock,Carphone Warehouse
https://www.carphonewarehouse.com/asus/zenfone-ar-with-google-daydream-vr.html#!colour=black&capacity=128GB&dealType=sf,Asus Zenfone AR with Google Daydream VR,Asus,Zenfone AR with Google Daydream VR,Black,,799.99,In Stock,Carphone Warehouse
https://www.carphonewarehouse.com/asus/zenfone-4.html#!colour=white&capacity=64GB&dealType=sf,ASUS ZenFone 4,ASUS,ZenFone 4,Black,,469.99,Order now!,Carphone Warehouse
https://www.carphonewarehouse.com/asus/zenfone-4-max.html#!colour=black&capacity=32GB&dealType=sf,ASUS ZenFone 4 Max,ASUS,ZenFone 4 Max,Black,,269.99,Order now!,Carphone Warehouse
https://www.carphonewarehouse.com/cat/b25.html#!colour=black&capacity=NANA&dealType=sf,CAT B25,CAT,B25,Black,,54.99,In Stock,Carphone Warehouse
https://www.carphonewarehouse.com/cat/b30.html#!colour=black&capacity=NANA&dealType=sf,CAT B30,CAT,B30,Black,,74.99,In Stock,Carphone Warehouse
https://www.carphonewarehouse.com/cat/s30.html#!colour=black&capacity=8GB&dealType=sf,CAT S30,CAT,S30,Black,,154.99,In Stock,Carphone Warehouse
https://www.carphonewarehouse.com/cat/s40.html#!colour=black&capacity=16GB&dealType=sf,Cat S40,Cat,S40,Black,,284.99,In Stock,Carphone Warehouse
https://www.carphonewarehouse.com/cat/s60.html#!colour=black&capacity=32GB&dealType=sf,CAT S60,CAT,S60,Black,,509.99,In Stock,Carphone Warehouse
https://www.carphonewarehouse.com/doro/5516.html#!colour=black&capacity=NANA&dealType=sf,Doro 5516,Doro,5516,Black,,54.99,In Stock,Carphone Warehouse
https://www.carphonewarehouse.com/doro/6030.html#!colour=black&capacity=NANA&dealType=sf,Doro 6030,Doro,6030,Black,,47.99,In Stock,Carphone Warehouse
https://www.carphonewarehouse.com/doro/6520.html#!colour=red&capacity=NANA&dealType=sf,Doro 6520,Doro,6520,Red,,69.99,In Stock,Carphone Warehouse
https://www.carphonewarehouse.com/doro/8030-v2.html#!colour=black&capacity=8GB&dealType=sf,Doro 8030,Doro,8030,Black,,99.99,In Stock,Carphone Warehouse
https://www.carphonewarehouse.com/hp/elite-x3.html#!colour=black&capacity=64GB&dealType=sf,HP Elite X3,HP,Elite X3,Black,,679.99,In Stock,Carphone Warehouse
https://www.carphonewarehouse.com/hp/elite-x3-dock.html#!colour=black&capacity=64GB&dealType=sf,HP Elite X3 with Dock,HP,Elite X3 with Dock,Black,,699.99,In Stock,Carphone Warehouse
https://www.carphonewarehouse.com/htc/one-a9s.html#!colour=grey&capacity=32GB&dealType=sf,HTC One A9S,HTC,One A9S,Grey,,299.99,In Stock,Carphone Warehouse
https://www.carphonewarehouse.com/htc/u-ultra.html#!colour=pink&capacity=64GB&dealType=sf,HTC U Ultra,HTC,U Ultra,Blue,,549.99,In Stock,Carphone Warehouse
https://www.carphonewarehouse.com/huawei/mate-9.html#!colour=grey&capacity=64GB&dealType=sf,Huawei Mate 9,Huawei,Mate 9,Grey,,599.99,In Stock,Carphone Warehouse
https://www.carphonewarehouse.com/huawei/mate-s.html#!colour=grey&capacity=32GB&dealType=sf,Huawei Mate S,Huawei,Mate S,Grey,,429.99,In Stock,Carphone Warehouse
https://www.carphonewarehouse.com/huawei/nova.html#!colour=grey&capacity=32GB&dealType=sf,Huawei nova,Huawei,nova,Grey,,199.99,In Stock,Carphone Warehouse
https://www.carphonewarehouse.com/kodak/ektra-with-retro-case.html#!colour=black&capacity=32GB&dealType=sf,Kodak Ektra with retro case,Kodak,Ektra with retro case,Black,,449.00,In Stock,Carphone Warehouse
https://www.carphonewarehouse.com/lexibook/avengers.html#!colour=black&capacity=NANA&dealType=sf,Lexibook Avengers,Lexibook,Avengers,Black,,24.99,Order now!,Carphone Warehouse
https://www.carphonewarehouse.com/lexibook/despicable-me.html#!colour=blue&capacity=NANA&dealType=sf,Lexibook Despicable Me,Lexibook,Despicable Me,Blue,,24.99,In Stock,Carphone Warehouse
https://www.carphonewarehouse.com/lexibook/frozen.html#!colour=blue&capacity=NANA&dealType=sf,Lexibook Frozen,Lexibook,Frozen,Blue,,24.99,In Stock,Carphone Warehouse
https://www.carphonewarehouse.com/lg/k10-2017.html#!colour=black&capacity=16GB&dealType=sf,LG K10 2017,LG,K10 2017,Black,,169.99,In Stock,Carphone Warehouse
https://www.carphonewarehouse.com/lg/k4-2017.html#!colour=black&capacity=8GB&dealType=sf,LG K4 2017,LG,K4 2017,Black,,99.99,In Stock,Carphone Warehouse
https://www.carphonewarehouse.com/lg/k8-2017.html#!colour=titan&capacity=16GB&dealType=sf,LG K8 2017,LG,K8 2017,Titan,,129.99,In Stock,Carphone Warehouse
https://www.carphonewarehouse.com/lg/q6.html#!colour=platinum&capacity=32GB&dealType=sf,LG Q6,LG,Q6,Platinum,,249.99,In Stock,Carphone Warehouse
https://www.carphonewarehouse.com/monqi/kids-smartphone.html#!colour=white&capacity=8GB&dealType=sf,Monqi Kids Smartphone,Monqi,Kids Smartphone,Black,,149.99,In Stock,Carphone Warehouse
https://www.carphonewarehouse.com/motorola/moto-c.html#!colour=black&capacity=NANA&dealType=sf,Moto C,Moto,C,Black,,89.99,In Stock,Carphone Warehouse
https://www.carphonewarehouse.com/motorola/motorola-x-style.html#!colour=white&capacity=32GB&dealType=sf,Motorola X Style,Motorola,X Style,Black,,399.99,In Stock,Carphone Warehouse
https://www.carphonewarehouse.com/nokia/105.html#!colour=black&capacity=NANA&dealType=sf,Nokia 105,Nokia,105,Black,,29.99,Out of stock online,Carphone Warehouse
https://www.carphonewarehouse.com/nokia/105-2017.html#!colour=blue&capacity=NANA&dealType=sf,Nokia 105 2017,Nokia,105 2017,Black,,27.99,In Stock,Carphone Warehouse
https://www.carphonewarehouse.com/nokia/130-2017.html#!colour=red&capacity=NANA&dealType=sf,Nokia 130,Nokia,130,Black,,29.99,In Stock,Carphone Warehouse
https://www.carphonewarehouse.com/nokia/150.html#!colour=white&capacity=NANA&dealType=sf,Nokia 150,Nokia,150,White,,39.99,In Stock,Carphone Warehouse
https://www.carphonewarehouse.com/nokia/3.html#!colour=black&capacity=16GB&dealType=sf,Nokia 3,Nokia,3,Black,,129.99,In Stock,Carphone Warehouse
https://www.carphonewarehouse.com/nokia/3310-3g.html#!colour=red&capacity=NANA&dealType=sf,Nokia 3310 3G,Nokia,3310 3G,Yellow,,59.99,Out of stock online,Carphone Warehouse
https://www.carphonewarehouse.com/nokia/5.html#!colour=copper&capacity=16GB&dealType=sf,Nokia 5,Nokia,5,Copper,,169.99,In Stock,Carphone Warehouse
https://www.carphonewarehouse.com/samsung/galaxy-a3-2017.html#!colour=peachcloud&capacity=16GB&dealType=sf,Samsung Galaxy A3 2017,Samsung,Galaxy A3 2017,Peach Cloud,,239.99,In Stock,Carphone Warehouse
https://www.carphonewarehouse.com/samsung/galaxy-j3.html#!colour=black&capacity=8GB&dealType=sf,Samsung Galaxy J3 (2016),Samsung,Galaxy J3 (2016),Black,,129.99,In Stock,Carphone Warehouse
https://www.carphonewarehouse.com/samsung/galaxy-s6-edge.html#!colour=black&capacity=32GB&dealType=sf,Samsung Galaxy S6 edge,Samsung,Galaxy S6 edge,Black,,499.99,In Stock,Carphone Warehouse
https://www.carphonewarehouse.com/samsung/galaxy-j3-2017.html#!colour=blue&capacity=16GB&dealType=sf,Samsung Galaxy J3 2017,Samsung,Galaxy J3 2017,Blue,,199.99,In Stock,Carphone Warehouse
https://www.carphonewarehouse.com/samsung/galaxy-j5-2017.html#!colour=black&capacity=16GB&dealType=sf,Samsung Galaxy J5 2017,Samsung,Galaxy J5 2017,Black,,239.99,In Stock,Carphone Warehouse
https://www.carphonewarehouse.com/samsung/galaxy-s7.html#!colour=silver&capacity=32GB&dealType=sf,Samsung Galaxy S7,Samsung,Galaxy S7,Black,32GB,529.99,In Stock,Carphone Warehouse
https://www.carphonewarehouse.com/sony/xperia-l1.html#!colour=white&capacity=16GB&dealType=sf,Sony Xperia L1,Sony,Xperia L1,White,,169.99,In Stock,Carphone Warehouse
https://www.carphonewarehouse.com/sony/xperia-x.html#!colour=white&capacity=32GB&dealType=sf,Sony Xperia X,Sony,Xperia X,Black,,459.99,In Stock,Carphone Warehouse
https://www.carphonewarehouse.com/sony/xperia-xz.html#!colour=blue&capacity=32GB&dealType=sf,Sony Xperia XZ,Sony,Xperia XZ,Blue,32GB,499.99,In Stock,Carphone Warehouse
https://www.carphonewarehouse.com/sony/xperia-xz-premium.html#!colour=chrome&capacity=64GB&dealType=sf,Sony Xperia XZ Premium,Sony,Xperia XZ Premium,Chrome,64GB,649.99,In Stock,Carphone Warehouse
https://www.carphonewarehouse.com/sony/xperia-xz1.html#!colour=silver&capacity=64GB&dealType=sf,Sony Xperia XZ1,Sony,Xperia XZ1,Blue,64GB,599.00,In Stock,Carphone Warehouse
https://www.carphonewarehouse.com/sony/xperia-xz1-compact.html#!colour=blue&capacity=32GB&dealType=sf,Sony Xperia XZ1 Compact,Sony,Xperia XZ1 Compact,Blue,32GB,499.00,In Stock,Carphone Warehouse
https://www.carphonewarehouse.com/stk/hero-x.html#!colour=white&capacity=NANA&dealType=sf,STK Hero X Dual SIM,STK,Hero X Dual SIM,White,,139.99,In Stock,Carphone Warehouse
https://www.carphonewarehouse.com/stk/r45i.html#!colour=black&capacity=NANA&dealType=sf,STK R45i,STK,R45i,Black,,14.99,In Stock,Carphone Warehouse
https://www.carphonewarehouse.com/stk/storm-2e-pluz.html#!colour=black&capacity=NANA&dealType=sf,STK Storm 2e Pluz Dual SIM,STK,Storm 2e Pluz Dual SIM,White,,47.99,In Stock,Carphone Warehouse
https://www.carphonewarehouse.com/stk/sync-5e.html#!colour=white&capacity=NANA&dealType=sf,STK Sync 5e Dual SIM,STK,Sync 5e Dual SIM,White,,84.99,In Stock,Carphone Warehouse
https://www.carphonewarehouse.com/wileyfox/spark.html#!colour=black&capacity=16GB&dealType=sf,Wileyfox Spark,Wileyfox,Spark,Black,,74.99,In Stock,Carphone Warehouse
https://www.carphonewarehouse.com/wileyfox/spark-x.html#!colour=white&capacity=16GB&dealType=sf,Wileyfox Spark X,Wileyfox,Spark X,White,,129.99,In Stock,Carphone Warehouse
https://www.carphonewarehouse.com/zte/axon-7-mini.html#!colour=grey&capacity=32GB&dealType=sf,ZTE Axon 7 Mini,ZTE,Axon 7 Mini,Gold,,234.99,In Stock,Carphone Warehouse
https://www.carphonewarehouse.com/zte/blade-a110.html#!colour=black&capacity=8GB&dealType=sf,ZTE Blade A110,ZTE,Blade A110,Black,,59.99,In Stock,Carphone Warehouse
https://www.carphonewarehouse.com/zte/blade-l110.html#!colour=black&capacity=4GB&dealType=sf,ZTE Blade L110,ZTE,Blade L110,Gold,,49.99,In Stock,Carphone Warehouse
https://www.carphonewarehouse.com/zte/blade-v7-lite.html#!colour=gold&capacity=16GB&dealType=sf,ZTE Blade V7 Lite,ZTE,Blade V7 Lite,Grey,,129.99,In Stock,Carphone Warehouse
https://www.carphonewarehouse.com/zte/blade-velocity.html#!colour=black&capacity=NANA&dealType=sf,ZTE Blade Velocity,ZTE,Blade Velocity,Black,,129.99,Out of stock online,Carphone Warehouse
http://www.currys.co.uk/gbuk/phones-broadband-and-sat-nav/mobile-phones-and-accessories/mobile-phones/362_3412_32041_xx_xx/xx-criteria.html,"iPhone 8 Plus - 256 GB, Gold",APPLE,iPhone 8 Plus ,Gold,256GB,949.00,FREE collection from store,Currys
http://www.currys.co.uk/gbuk/phones-broadband-and-sat-nav/mobile-phones-and-accessories/mobile-phones/362_3412_32041_xx_xx/xx-criteria.html,"iPhone 8 Plus - 256 GB, Space Grey",APPLE,iPhone 8 Plus ,Space Grey,256GB,949.00,FREE collection from store,Currys
http://www.currys.co.uk/gbuk/phones-broadband-and-sat-nav/mobile-phones-and-accessories/mobile-phones/362_3412_32041_xx_xx/xx-criteria.html,"iPhone 8 Plus - 256 GB, Silver",APPLE,iPhone 8 Plus ,Silver,256GB,949.00,FREE collection from store,Currys
http://www.currys.co.uk/gbuk/phones-broadband-and-sat-nav/mobile-phones-and-accessories/mobile-phones/362_3412_32041_xx_xx/xx-criteria.html,"iPhone 8 Plus - 64 GB, Gold",APPLE,iPhone 8 Plus ,Gold,64GB,799.00,Email me when back In Stock,Currys
http://www.currys.co.uk/gbuk/phones-broadband-and-sat-nav/mobile-phones-and-accessories/mobile-phones/362_3412_32041_xx_xx/xx-criteria.html,"iPhone 8 Plus - 64 GB, Space Grey",APPLE,iPhone 8 Plus ,Space Grey,64GB,799.00,FREE collection from store,Currys
http://www.currys.co.uk/gbuk/phones-broadband-and-sat-nav/mobile-phones-and-accessories/mobile-phones/362_3412_32041_xx_xx/xx-criteria.html,"iPhone 8 Plus - 64 GB, Silver",APPLE,iPhone 8 Plus ,Silver,64GB,799.00,Email me when back In Stock,Currys
http://www.currys.co.uk/gbuk/phones-broadband-and-sat-nav/mobile-phones-and-accessories/mobile-phones/362_3412_32041_xx_xx/xx-criteria.html,"iPhone 8 - 256 GB, Space Grey",APPLE,iPhone 8 ,Space Grey,256GB,849.00,FREE collection from store,Currys
http://www.currys.co.uk/gbuk/phones-broadband-and-sat-nav/mobile-phones-and-accessories/mobile-phones/362_3412_32041_xx_xx/xx-criteria.html,"iPhone 8 - 256 GB, Gold",APPLE,iPhone 8 ,Gold,256GB,849.00,FREE collection from store,Currys
http://www.currys.co.uk/gbuk/phones-broadband-and-sat-nav/mobile-phones-and-accessories/mobile-phones/362_3412_32041_xx_xx/xx-criteria.html,"iPhone 8 - 64 GB, Space Grey",APPLE,iPhone 8 ,Space Grey,64GB,699.00,FREE collection from store,Currys
http://www.currys.co.uk/gbuk/phones-broadband-and-sat-nav/mobile-phones-and-accessories/mobile-phones/362_3412_32041_xx_xx/xx-criteria.html,"iPhone 8 - 256 GB, Silver",APPLE,iPhone 8 ,Silver,256GB,849.00,FREE collection from store,Currys
http://www.currys.co.uk/gbuk/phones-broadband-and-sat-nav/mobile-phones-and-accessories/mobile-phones/362_3412_32041_xx_xx/xx-criteria.html,"iPhone 8 - 64 GB, Gold",APPLE,iPhone 8 ,Gold,64GB,699.00,FREE collection from store,Currys
http://www.currys.co.uk/gbuk/phones-broadband-and-sat-nav/mobile-phones-and-accessories/mobile-phones/362_3412_32041_xx_xx/xx-criteria.html,"iPhone 8 - 64 GB, Silver",APPLE,iPhone 8 ,Silver,64GB,699.00,FREE collection from store,Currys
http://www.currys.co.uk/gbuk/phones-broadband-and-sat-nav/mobile-phones-and-accessories/mobile-phones/362_3412_32041_xx_xx/xx-criteria.html,"KEYone - 32 GB, Silver",BLACKBERRY,KEYone ,Silver,32GB,499.00,FREE collection from store,Currys
http://www.currys.co.uk/gbuk/phones-broadband-and-sat-nav/mobile-phones-and-accessories/mobile-phones/362_3412_32041_xx_xx/xx-criteria.html,"3310 - 16 MB, Blue",NOKIA,3310 ,Blue,16MB,49.99,FREE collection from store,Currys
http://www.currys.co.uk/gbuk/phones-broadband-and-sat-nav/mobile-phones-and-accessories/mobile-phones/362_3412_32041_xx_xx/xx-criteria.html,"P10 Lite - 32 GB, Black",HUAWEI,P10 Lite ,Black,32GB,279.99,FREE collection from store,Currys
http://www.currys.co.uk/gbuk/phones-broadband-and-sat-nav/mobile-phones-and-accessories/mobile-phones/362_3412_32041_xx_xx/xx-criteria.html,"iPhone 7 - Black, 32 GB",APPLE,iPhone 7 ,32 GB,32GB,539.00,FREE collection from store,Currys
http://www.currys.co.uk/gbuk/phones-broadband-and-sat-nav/mobile-phones-and-accessories/mobile-phones/362_3412_32041_xx_xx/xx-criteria.html,"XL Phone by Google - 32 GB, Black",PIXEL,XL Phone by Google ,Black,32GB,399.99,Email me when back In Stock,Currys
http://www.currys.co.uk/gbuk/phones-broadband-and-sat-nav/mobile-phones-and-accessories/mobile-phones/362_3412_32041_xx_xx/xx-criteria.html,"Galaxy J3 - 8 GB, SIM Free, Black",SAMSUNG,Galaxy J3 ,"SIM Free, Black",8GB,129.99,FREE collection from store,Currys
http://www.currys.co.uk/gbuk/phones-broadband-and-sat-nav/mobile-phones-and-accessories/mobile-phones/362_3412_32041_xx_xx/xx-criteria.html,"Pixel 2 XL - 64 GB, Just Black",GOOGLE,Pixel 2 XL ,Just Black,64GB,799.00,,Currys
http://www.currys.co.uk/gbuk/phones-broadband-and-sat-nav/mobile-phones-and-accessories/mobile-phones/362_3412_32041_xx_xx/xx-criteria.html,"3310 - 16 MB, Red",NOKIA,3310 ,Red,,49.99,FREE collection from store,Currys
http://www.currys.co.uk/gbuk/phones-broadband-and-sat-nav/mobile-phones-and-accessories/mobile-phones/362_3412_32041_xx_xx/2_20/relevance-desc/xx-criteria.html,"Pixel 2 - 64 GB, Just Black",GOOGLE,Pixel 2 ,Just Black,64GB,629.00,Email me when back In Stock,Currys
http://www.currys.co.uk/gbuk/phones-broadband-and-sat-nav/mobile-phones-and-accessories/mobile-phones/362_3412_32041_xx_xx/2_20/relevance-desc/xx-criteria.html,"P8 lite 2017 - 16 GB, Black",HUAWEI,P8 lite 2017 ,Black,16GB,149.99,FREE collection from store,Currys
http://www.currys.co.uk/gbuk/phones-broadband-and-sat-nav/mobile-phones-and-accessories/mobile-phones/362_3412_32041_xx_xx/2_20/relevance-desc/xx-criteria.html,"Pixel 2 - 64 GB, Kinda Blue",GOOGLE,Pixel 2 ,Kinda Blue,64GB,629.00,,Currys
http://www.currys.co.uk/gbuk/phones-broadband-and-sat-nav/mobile-phones-and-accessories/mobile-phones/362_3412_32041_xx_xx/2_20/relevance-desc/xx-criteria.html,"P10 Lite - 32 GB, Gold",HUAWEI,P10 Lite ,Gold,32GB,279.99,FREE collection from store,Currys
http://www.currys.co.uk/gbuk/phones-broadband-and-sat-nav/mobile-phones-and-accessories/mobile-phones/362_3412_32041_xx_xx/2_20/relevance-desc/xx-criteria.html,"iPhone 7 - Rose Gold, 32 GB",APPLE,iPhone 7 ,32 GB,32GB,539.00,Email me when back In Stock,Currys
http://www.currys.co.uk/gbuk/phones-broadband-and-sat-nav/mobile-phones-and-accessories/mobile-phones/362_3412_32041_xx_xx/2_20/relevance-desc/xx-criteria.html,"Pixel 2 XL - 64 GB, Black & White",GOOGLE,Pixel 2 XL ,Black & White,64GB,799.00,,Currys
http://www.currys.co.uk/gbuk/phones-broadband-and-sat-nav/mobile-phones-and-accessories/mobile-phones/362_3412_32041_xx_xx/2_20/relevance-desc/xx-criteria.html,"iPhone SE - 32 GB, Rose Gold",APPLE,iPhone SE ,Rose Gold,32GB,299.00,FREE collection from store,Currys
http://www.currys.co.uk/gbuk/phones-broadband-and-sat-nav/mobile-phones-and-accessories/mobile-phones/362_3412_32041_xx_xx/2_20/relevance-desc/xx-criteria.html,"iPhone SE - 32 GB, Space Grey",APPLE,iPhone SE ,Space Grey,32GB,299.00,FREE collection from store,Currys
http://www.currys.co.uk/gbuk/phones-broadband-and-sat-nav/mobile-phones-and-accessories/mobile-phones/362_3412_32041_xx_xx/2_20/relevance-desc/xx-criteria.html,"Galaxy Note8 - 64 GB, Gold",SAMSUNG,Galaxy Note8 ,Gold,64GB,869.00,FREE collection from store,Currys
http://www.currys.co.uk/gbuk/phones-broadband-and-sat-nav/mobile-phones-and-accessories/mobile-phones/362_3412_32041_xx_xx/2_20/relevance-desc/xx-criteria.html,"Galaxy S8 - 64 GB, Black",SAMSUNG,Galaxy S8 ,Black,64GB,689.00,FREE collection from store,Currys
http://www.currys.co.uk/gbuk/phones-broadband-and-sat-nav/mobile-phones-and-accessories/mobile-phones/362_3412_32041_xx_xx/2_20/relevance-desc/xx-criteria.html,"P10 - 64 GB, Black",HUAWEI,P10 ,Black,64GB,399.99,FREE collection from store,Currys
http://www.currys.co.uk/gbuk/phones-broadband-and-sat-nav/mobile-phones-and-accessories/mobile-phones/362_3412_32041_xx_xx/2_20/relevance-desc/xx-criteria.html,"Galaxy S8 - 64 GB, Orchid Grey",SAMSUNG,Galaxy S8 ,Orchid Grey,64GB,689.00,FREE collection from store,Currys
http://www.currys.co.uk/gbuk/phones-broadband-and-sat-nav/mobile-phones-and-accessories/mobile-phones/362_3412_32041_xx_xx/2_20/relevance-desc/xx-criteria.html,"P8 lite 2017 - 16 GB, Gold",HUAWEI,P8 lite 2017 ,Gold,16GB,149.99,FREE collection from store,Currys
http://www.currys.co.uk/gbuk/phones-broadband-and-sat-nav/mobile-phones-and-accessories/mobile-phones/362_3412_32041_xx_xx/2_20/relevance-desc/xx-criteria.html,"iPhone X - 256 GB, Space Grey",APPLE,iPhone X ,Space Grey,256GB,1149.00,Email me when back In Stock,Currys
http://www.currys.co.uk/gbuk/phones-broadband-and-sat-nav/mobile-phones-and-accessories/mobile-phones/362_3412_32041_xx_xx/2_20/relevance-desc/xx-criteria.html,"3310 - 16 MB, Grey",NOKIA,3310 ,Grey,,49.99,FREE collection from store,Currys
http://www.currys.co.uk/gbuk/phones-broadband-and-sat-nav/mobile-phones-and-accessories/mobile-phones/362_3412_32041_xx_xx/2_20/relevance-desc/xx-criteria.html,"Galaxy S8+ - 64 GB, Black",SAMSUNG,Galaxy S8+ ,Black,64GB,779.00,FREE collection from store,Currys
http://www.currys.co.uk/gbuk/phones-broadband-and-sat-nav/mobile-phones-and-accessories/mobile-phones/362_3412_32041_xx_xx/2_20/relevance-desc/xx-criteria.html,"Xperia XA1 - 32 GB, Black",SONY,Xperia XA1 ,Black,32GB,199.99,FREE collection from store,Currys
http://www.currys.co.uk/gbuk/phones-broadband-and-sat-nav/mobile-phones-and-accessories/mobile-phones/362_3412_32041_xx_xx/2_20/relevance-desc/xx-criteria.html,"Galaxy A5 - 32 GB, Black",SAMSUNG,Galaxy A5 ,Black,32GB,299.99,FREE collection from store,Currys
http://www.currys.co.uk/gbuk/phones-broadband-and-sat-nav/mobile-phones-and-accessories/mobile-phones/362_3412_32041_xx_xx/2_20/relevance-desc/xx-criteria.html,"iPhone 7 - Jet Black, 128 GB",APPLE,iPhone 7 ,128 GB,128GB,639.00,FREE collection from store,Currys
http://www.currys.co.uk/gbuk/phones-broadband-and-sat-nav/mobile-phones-and-accessories/mobile-phones/362_3412_32041_xx_xx/2_20/relevance-desc/xx-criteria.html,"Galaxy J5 - 16 GB, Black",SAMSUNG,Galaxy J5 ,Black,16GB,239.99,Email me when back In Stock,Currys
http://www.currys.co.uk/gbuk/phones-broadband-and-sat-nav/mobile-phones-and-accessories/mobile-phones/362_3412_32041_xx_xx/3_20/relevance-desc/xx-criteria.html,"Pixel 2 - 64 GB, Clearly White",GOOGLE,Pixel 2 ,Clearly White,64GB,629.00,Email me when back In Stock,Currys
http://www.currys.co.uk/gbuk/phones-broadband-and-sat-nav/mobile-phones-and-accessories/mobile-phones/362_3412_32041_xx_xx/3_20/relevance-desc/xx-criteria.html,"iPhone X - 64 GB, Silver",APPLE,iPhone X ,Silver,64GB,999.00,Email me when back In Stock,Currys
http://www.currys.co.uk/gbuk/phones-broadband-and-sat-nav/mobile-phones-and-accessories/mobile-phones/362_3412_32041_xx_xx/3_20/relevance-desc/xx-criteria.html,"iPhone 7 - Silver, 32 GB",APPLE,iPhone 7 ,32 GB,32GB,539.00,Email me when back In Stock,Currys
http://www.currys.co.uk/gbuk/phones-broadband-and-sat-nav/mobile-phones-and-accessories/mobile-phones/362_3412_32041_xx_xx/3_20/relevance-desc/xx-criteria.html,"iPhone 7 Plus - Black, 128 GB",APPLE,iPhone 7 Plus ,128 GB,128GB,749.00,Email me when back In Stock,Currys
http://www.currys.co.uk/gbuk/phones-broadband-and-sat-nav/mobile-phones-and-accessories/mobile-phones/362_3412_32041_xx_xx/3_20/relevance-desc/xx-criteria.html,"8 - 64 GB, Silver",NOKIA,8 ,Silver,64GB,499.99,FREE collection from store,Currys
http://www.currys.co.uk/gbuk/phones-broadband-and-sat-nav/mobile-phones-and-accessories/mobile-phones/362_3412_32041_xx_xx/3_20/relevance-desc/xx-criteria.html,"KEYone - 64 GB, Black",BLACKBERRY,KEYone ,Black,64GB,549.00,FREE collection from store,Currys
http://www.currys.co.uk/gbuk/phones-broadband-and-sat-nav/mobile-phones-and-accessories/mobile-phones/362_3412_32041_xx_xx/3_20/relevance-desc/xx-criteria.html,Galaxy S7 edge - Gold,SAMSUNG,Galaxy S7 edge ,,64GB,499.00,FREE collection from store,Currys
http://www.currys.co.uk/gbuk/phones-broadband-and-sat-nav/mobile-phones-and-accessories/mobile-phones/362_3412_32041_xx_xx/3_20/relevance-desc/xx-criteria.html,OneTouch 10.16G - Black,ALCATEL,OneTouch 10.16G ,,,22.99,FREE collection from store,Currys
http://www.currys.co.uk/gbuk/phones-broadband-and-sat-nav/mobile-phones-and-accessories/mobile-phones/362_3412_32041_xx_xx/3_20/relevance-desc/xx-criteria.html,"iPhone X - 64 GB, Space Grey",APPLE,iPhone X ,Space Grey,64GB,999.00,Email me when back In Stock,Currys
http://www.currys.co.uk/gbuk/phones-broadband-and-sat-nav/mobile-phones-and-accessories/mobile-phones/362_3412_32041_xx_xx/3_20/relevance-desc/xx-criteria.html,"iPhone SE - 32 GB, Silver",APPLE,iPhone SE ,Silver,32GB,299.00,FREE collection from store,Currys
http://www.currys.co.uk/gbuk/phones-broadband-and-sat-nav/mobile-phones-and-accessories/mobile-phones/362_3412_32041_xx_xx/3_20/relevance-desc/xx-criteria.html,"iPhone 7 - Gold, 32 GB",APPLE,iPhone 7 ,32 GB,32GB,539.00,Email me when back In Stock,Currys
http://www.currys.co.uk/gbuk/phones-broadband-and-sat-nav/mobile-phones-and-accessories/mobile-phones/362_3412_32041_xx_xx/3_20/relevance-desc/xx-criteria.html,"Pixel 2 XL - 128 GB, Black & White",GOOGLE,Pixel 2 XL ,Black & White,128GB,899.00,,Currys
http://www.currys.co.uk/gbuk/phones-broadband-and-sat-nav/mobile-phones-and-accessories/mobile-phones/362_3412_32041_xx_xx/3_20/relevance-desc/xx-criteria.html,"G5 Plus - 32 GB, Luna Grey",MOTO,G5 Plus ,Luna Grey,32GB,269.99,FREE collection from store,Currys
http://www.currys.co.uk/gbuk/phones-broadband-and-sat-nav/mobile-phones-and-accessories/mobile-phones/362_3412_32041_xx_xx/3_20/relevance-desc/xx-criteria.html,"iPhone 7 - Black, 128 GB",APPLE,iPhone 7 ,128 GB,128GB,639.00,FREE collection from store,Currys
http://www.currys.co.uk/gbuk/phones-broadband-and-sat-nav/mobile-phones-and-accessories/mobile-phones/362_3412_32041_xx_xx/3_20/relevance-desc/xx-criteria.html,Galaxy S7 edge - Black,SAMSUNG,Galaxy S7 edge ,,64GB,499.00,FREE collection from store,Currys
http://www.currys.co.uk/gbuk/phones-broadband-and-sat-nav/mobile-phones-and-accessories/mobile-phones/362_3412_32041_xx_xx/3_20/relevance-desc/xx-criteria.html,"Galaxy Note8 - 64 GB, Black",SAMSUNG,Galaxy Note8 ,Black,64GB,869.00,Email me when back In Stock,Currys
http://www.currys.co.uk/gbuk/phones-broadband-and-sat-nav/mobile-phones-and-accessories/mobile-phones/362_3412_32041_xx_xx/3_20/relevance-desc/xx-criteria.html,"Galaxy A3 (2017) - 16 GB, Black",SAMSUNG,Galaxy A3 (2017) ,Black,16GB,239.99,FREE collection from store,Currys
http://www.currys.co.uk/gbuk/phones-broadband-and-sat-nav/mobile-phones-and-accessories/mobile-phones/362_3412_32041_xx_xx/3_20/relevance-desc/xx-criteria.html,"iPhone 7 Plus - Jet Black, 32 GB",APPLE,iPhone 7 Plus ,32 GB,32GB,699.00,FREE collection from store,Currys
http://www.currys.co.uk/gbuk/phones-broadband-and-sat-nav/mobile-phones-and-accessories/mobile-phones/362_3412_32041_xx_xx/3_20/relevance-desc/xx-criteria.html,"Xperia L1 - 16 GB, Black",SONY,Xperia L1 ,Black,16GB,169.99,FREE collection from store,Currys
http://www.currys.co.uk/gbuk/phones-broadband-and-sat-nav/mobile-phones-and-accessories/mobile-phones/362_3412_32041_xx_xx/3_20/relevance-desc/xx-criteria.html,"Pixi 4 (4"") - 4 GB, Black",ALCATEL,"Pixi 4 (4"") ",Black,4GB,59.99,FREE collection from store,Currys
http://www.currys.co.uk/gbuk/phones-broadband-and-sat-nav/mobile-phones-and-accessories/mobile-phones/362_3412_32041_xx_xx/4_20/relevance-desc/xx-criteria.html,"G5 - 16 GB, Grey",MOTO,G5 ,Grey,16GB,169.99,FREE collection from store,Currys
http://www.currys.co.uk/gbuk/phones-broadband-and-sat-nav/mobile-phones-and-accessories/mobile-phones/362_3412_32041_xx_xx/4_20/relevance-desc/xx-criteria.html,"POP 4 - 8 GB, Black",ALCATEL,POP 4 ,Black,8GB,89.99,FREE collection from store,Currys
http://www.currys.co.uk/gbuk/phones-broadband-and-sat-nav/mobile-phones-and-accessories/mobile-phones/362_3412_32041_xx_xx/4_20/relevance-desc/xx-criteria.html,"iPhone X - 256 GB, Silver",APPLE,iPhone X ,Silver,256GB,1149.00,Email me when back In Stock,Currys
http://www.currys.co.uk/gbuk/phones-broadband-and-sat-nav/mobile-phones-and-accessories/mobile-phones/362_3412_32041_xx_xx/4_20/relevance-desc/xx-criteria.html,"iPhone 7 - Gold, 128 GB",APPLE,iPhone 7 ,128 GB,128GB,639.00,FREE collection from store,Currys
http://www.currys.co.uk/gbuk/phones-broadband-and-sat-nav/mobile-phones-and-accessories/mobile-phones/362_3412_32041_xx_xx/4_20/relevance-desc/xx-criteria.html,"P10 Plus - 128 GB, Black",HUAWEI,P10 Plus ,Black,128GB,499.99,FREE collection from store,Currys
http://www.currys.co.uk/gbuk/phones-broadband-and-sat-nav/mobile-phones-and-accessories/mobile-phones/362_3412_32041_xx_xx/4_20/relevance-desc/xx-criteria.html,"Pixel 2 XL - 128 GB, Just Black",GOOGLE,Pixel 2 XL ,Just Black,128GB,899.00,,Currys
http://www.currys.co.uk/gbuk/phones-broadband-and-sat-nav/mobile-phones-and-accessories/mobile-phones/362_3412_32041_xx_xx/4_20/relevance-desc/xx-criteria.html,"Xperia XZ Premium - 64 GB, Black",SONY,Xperia XZ Premium ,Black,64GB,649.99,FREE collection from store,Currys
http://www.currys.co.uk/gbuk/phones-broadband-and-sat-nav/mobile-phones-and-accessories/mobile-phones/362_3412_32041_xx_xx/4_20/relevance-desc/xx-criteria.html,Galaxy S7 edge - Blue,SAMSUNG,Galaxy S7 edge ,,64GB,499.00,FREE collection from store,Currys
http://www.currys.co.uk/gbuk/phones-broadband-and-sat-nav/mobile-phones-and-accessories/mobile-phones/362_3412_32041_xx_xx/4_20/relevance-desc/xx-criteria.html,"iPhone 7 - Silver, 128 GB",APPLE,iPhone 7 ,128 GB,128GB,639.00,FREE collection from store,Currys
http://www.currys.co.uk/gbuk/phones-broadband-and-sat-nav/mobile-phones-and-accessories/mobile-phones/362_3412_32041_xx_xx/4_20/relevance-desc/xx-criteria.html,"Galaxy S8 - 64 GB, Coral Blue",SAMSUNG,Galaxy S8 ,Coral Blue,64GB,689.00,FREE collection from store,Currys
http://www.currys.co.uk/gbuk/phones-broadband-and-sat-nav/mobile-phones-and-accessories/mobile-phones/362_3412_32041_xx_xx/4_20/relevance-desc/xx-criteria.html,"iPhone SE - 128 GB, Gold",APPLE,iPhone SE ,Gold,128GB,399.00,FREE collection from store,Currys
http://www.currys.co.uk/gbuk/phones-broadband-and-sat-nav/mobile-phones-and-accessories/mobile-phones/362_3412_32041_xx_xx/4_20/relevance-desc/xx-criteria.html,"Galaxy J3 2017 - 16 GB, Gold",SAMSUNG,Galaxy J3 2017 ,Gold,16GB,199.99,FREE collection from store,Currys
http://www.currys.co.uk/gbuk/phones-broadband-and-sat-nav/mobile-phones-and-accessories/mobile-phones/362_3412_32041_xx_xx/4_20/relevance-desc/xx-criteria.html,"Xperia XA1 - 32 GB, Gold",SONY,Xperia XA1 ,Gold,32GB,199.99,FREE collection from store,Currys
http://www.currys.co.uk/gbuk/phones-broadband-and-sat-nav/mobile-phones-and-accessories/mobile-phones/362_3412_32041_xx_xx/4_20/relevance-desc/xx-criteria.html,"G5 - 16 GB, Gold",MOTO,G5 ,Gold,16GB,169.99,FREE collection from store,Currys
http://www.currys.co.uk/gbuk/phones-broadband-and-sat-nav/mobile-phones-and-accessories/mobile-phones/362_3412_32041_xx_xx/4_20/relevance-desc/xx-criteria.html,"Galaxy S8+ - 64 GB, Orchid Grey",SAMSUNG,Galaxy S8+ ,Orchid Grey,64GB,779.00,FREE collection from store,Currys
http://www.currys.co.uk/gbuk/phones-broadband-and-sat-nav/mobile-phones-and-accessories/mobile-phones/362_3412_32041_xx_xx/4_20/relevance-desc/xx-criteria.html,"Pixel 2 - 128 GB, Just Black",GOOGLE,Pixel 2 ,Just Black,128GB,729.00,Email me when back In Stock,Currys
http://www.currys.co.uk/gbuk/phones-broadband-and-sat-nav/mobile-phones-and-accessories/mobile-phones/362_3412_32041_xx_xx/4_20/relevance-desc/xx-criteria.html,"P10 - 64 GB, Gold",HUAWEI,P10 ,Gold,64GB,399.99,FREE collection from store,Currys
http://www.currys.co.uk/gbuk/phones-broadband-and-sat-nav/mobile-phones-and-accessories/mobile-phones/362_3412_32041_xx_xx/4_20/relevance-desc/xx-criteria.html,"Moto G5 Plus - 32 GB, Fine Gold",MOTO,Moto G5 Plus ,Fine Gold,32GB,269.99,FREE collection from store,Currys
http://www.currys.co.uk/gbuk/phones-broadband-and-sat-nav/mobile-phones-and-accessories/mobile-phones/362_3412_32041_xx_xx/4_20/relevance-desc/xx-criteria.html,Galaxy S7 - Black,SAMSUNG,Galaxy S7 ,,32GB,529.99,FREE collection from store,Currys
http://www.currys.co.uk/gbuk/phones-broadband-and-sat-nav/mobile-phones-and-accessories/mobile-phones/362_3412_32041_xx_xx/4_20/relevance-desc/xx-criteria.html,"Pixel 2 - 128 GB, Clearly White",GOOGLE,Pixel 2 ,Clearly White,128GB,729.00,,Currys
http://www.currys.co.uk/gbuk/phones-broadband-and-sat-nav/mobile-phones-and-accessories/mobile-phones/362_3412_32041_xx_xx/5_20/relevance-desc/xx-criteria.html,"Galaxy J3 2017 - 16 GB, Black",SAMSUNG,Galaxy J3 2017 ,Black,16GB,199.99,FREE collection from store,Currys
http://www.currys.co.uk/gbuk/phones-broadband-and-sat-nav/mobile-phones-and-accessories/mobile-phones/362_3412_32041_xx_xx/5_20/relevance-desc/xx-criteria.html,"8 - 64 GB, Blue",NOKIA,8 ,Blue,64GB,499.99,FREE collection from store,Currys
http://www.currys.co.uk/gbuk/phones-broadband-and-sat-nav/mobile-phones-and-accessories/mobile-phones/362_3412_32041_xx_xx/5_20/relevance-desc/xx-criteria.html,"Xperia XZ - 32 GB, Black",SONY,Xperia XZ ,Black,32GB,499.99,FREE collection from store,Currys
http://www.currys.co.uk/gbuk/phones-broadband-and-sat-nav/mobile-phones-and-accessories/mobile-phones/362_3412_32041_xx_xx/5_20/relevance-desc/xx-criteria.html,"Galaxy S8+ - 64 GB, Coral Blue",SAMSUNG,Galaxy S8+ ,Coral Blue,64GB,779.00,FREE collection from store,Currys
http://www.currys.co.uk/gbuk/phones-broadband-and-sat-nav/mobile-phones-and-accessories/mobile-phones/362_3412_32041_xx_xx/5_20/relevance-desc/xx-criteria.html,"iPhone 7 - Jet Black, 32 GB",APPLE,iPhone 7 ,32 GB,32GB,549.00,FREE collection from store,Currys
http://www.currys.co.uk/gbuk/phones-broadband-and-sat-nav/mobile-phones-and-accessories/mobile-phones/362_3412_32041_xx_xx/5_20/relevance-desc/xx-criteria.html,"iPhone 7 - Rose Gold, 128 GB",APPLE,iPhone 7 ,128 GB,128GB,639.00,Email me when back In Stock,Currys
http://www.currys.co.uk/gbuk/phones-broadband-and-sat-nav/mobile-phones-and-accessories/mobile-phones/362_3412_32041_xx_xx/5_20/relevance-desc/xx-criteria.html,"iPhone SE - 128 GB, Space Grey",APPLE,iPhone SE ,Space Grey,128GB,399.00,FREE collection from store,Currys
http://www.currys.co.uk/gbuk/phones-broadband-and-sat-nav/mobile-phones-and-accessories/mobile-phones/362_3412_32041_xx_xx/5_20/relevance-desc/xx-criteria.html,"Galaxy A3 (2017) - 16 GB, Gold",SAMSUNG,Galaxy A3 (2017) ,Gold,16GB,239.99,FREE collection from store,Currys
http://www.currys.co.uk/gbuk/phones-broadband-and-sat-nav/mobile-phones-and-accessories/mobile-phones/362_3412_32041_xx_xx/5_20/relevance-desc/xx-criteria.html,"Xperia E5 - 16 GB, Black",SONY,Xperia E5 ,Black,16GB,139.99,Email me when back In Stock,Currys
http://www.currys.co.uk/gbuk/phones-broadband-and-sat-nav/mobile-phones-and-accessories/mobile-phones/362_3412_32041_xx_xx/5_20/relevance-desc/xx-criteria.html,"Elite x3 - 64 GB, Black",HP,Elite x3 ,Black,64GB,679.99,FREE collection from store,Currys
http://www.currys.co.uk/gbuk/phones-broadband-and-sat-nav/mobile-phones-and-accessories/mobile-phones/362_3412_32041_xx_xx/5_20/relevance-desc/xx-criteria.html,Galaxy S7 - Gold,SAMSUNG,Galaxy S7 ,,32GB,529.99,FREE collection from store,Currys
http://www.currys.co.uk/gbuk/phones-broadband-and-sat-nav/mobile-phones-and-accessories/mobile-phones/362_3412_32041_xx_xx/5_20/relevance-desc/xx-criteria.html,"Galaxy A5 - 32 GB, Gold",SAMSUNG,Galaxy A5 ,Gold,32GB,299.99,,Currys
http://www.currys.co.uk/gbuk/phones-broadband-and-sat-nav/mobile-phones-and-accessories/mobile-phones/362_3412_32041_xx_xx/5_20/relevance-desc/xx-criteria.html,"iPhone 7 - Silver, 256 GB",APPLE,iPhone 7 ,256 GB,256GB,759.00,FREE collection from store,Currys
http://www.currys.co.uk/gbuk/phones-broadband-and-sat-nav/mobile-phones-and-accessories/mobile-phones/362_3412_32041_xx_xx/5_20/relevance-desc/xx-criteria.html,"iPhone 7 - 128 GB, Red",APPLE,iPhone 7 ,Red,128GB,699.00,Email me when back In Stock,Currys
http://www.currys.co.uk/gbuk/phones-broadband-and-sat-nav/mobile-phones-and-accessories/mobile-phones/362_3412_32041_xx_xx/5_20/relevance-desc/xx-criteria.html,"iPhone SE - 32 GB, Gold",APPLE,iPhone SE ,Gold,32GB,299.00,Email me when back In Stock,Currys
http://www.currys.co.uk/gbuk/phones-broadband-and-sat-nav/mobile-phones-and-accessories/mobile-phones/362_3412_32041_xx_xx/5_20/relevance-desc/xx-criteria.html,"iPhone 7 - Black, 256 GB",APPLE,iPhone 7 ,256 GB,256GB,759.00,FREE collection from store,Currys
http://www.currys.co.uk/gbuk/phones-broadband-and-sat-nav/mobile-phones-and-accessories/mobile-phones/362_3412_32041_xx_xx/5_20/relevance-desc/xx-criteria.html,"iPhone 7 - Gold, 256 GB",APPLE,iPhone 7 ,256 GB,256GB,759.00,FREE collection from store,Currys
http://www.currys.co.uk/gbuk/phones-broadband-and-sat-nav/mobile-phones-and-accessories/mobile-phones/362_3412_32041_xx_xx/5_20/relevance-desc/xx-criteria.html,"Elite x3 with Dock - 64 GB, Black",HP,Elite x3 with Dock ,Black,64GB,699.99,FREE collection from store,Currys
http://www.currys.co.uk/gbuk/phones-broadband-and-sat-nav/mobile-phones-and-accessories/mobile-phones/362_3412_32041_xx_xx/5_20/relevance-desc/xx-criteria.html,"iPhone 7 - Rose Gold, 256 GB",APPLE,iPhone 7 ,256 GB,256GB,759.00,FREE collection from store,Currys
http://www.currys.co.uk/gbuk/phones-broadband-and-sat-nav/mobile-phones-and-accessories/mobile-phones/362_3412_32041_xx_xx/5_20/relevance-desc/xx-criteria.html,"iPhone SE - 128 GB, Rose Gold",APPLE,iPhone SE ,Rose Gold,128GB,399.00,Email me when back In Stock,Currys
http://www.currys.co.uk/gbuk/phones-broadband-and-sat-nav/mobile-phones-and-accessories/mobile-phones/362_3412_32041_xx_xx/6_20/relevance-desc/xx-criteria.html,"GSM20FZ Frozen Phone - 16 GB, Blue",LEXIBOOK,GSM20FZ Frozen Phone ,Blue,16GB,24.99,,Currys
http://www.currys.co.uk/gbuk/phones-broadband-and-sat-nav/mobile-phones-and-accessories/mobile-phones/362_3412_32041_xx_xx/6_20/relevance-desc/xx-criteria.html,"iPhone SE - 128 GB, Silver",APPLE,iPhone SE ,Silver,128GB,399.00,Email me when back In Stock,Currys
http://www.currys.co.uk/gbuk/phones-broadband-and-sat-nav/mobile-phones-and-accessories/mobile-phones/362_3412_32041_xx_xx/6_20/relevance-desc/xx-criteria.html,GSM20DES Despicable Me - Blue & Yellow,LEXIBOOK,GSM20DES Despicable Me ,,,24.99,,Currys
